Date,Exercise,Weight,Reps,Notes,Kcal,Distance,Duration,Category,Name,Bodyweight
2020-08-14,Flex Leverage Plate Loaded Chest Press-Axiom,80,14,,,,,Chest,,174
2020-08-14,Flex Leverage Plate Loaded Chest Press-Axiom,80,12,,,,,Chest,,174
2020-08-14,Flex Leverage Plate Loaded Chest Press-Axiom,80,10,,,,,Chest,,174
2020-08-14,Machine Shoulder Press-Axiom,30,15,,,,,Shoulders,,174
2020-08-14,Machine Shoulder Press-Axiom,30,12,,,,,Shoulders,,174
2020-08-14,Machine Shoulder Press-Axiom,30,10,,,,,Shoulders,,174
2020-08-14,Hammer Strength Plate Loaded Iso-Lateral Incline Press,65,10,,,,,Chest,,174
2020-08-14,Hammer Strength Plate Loaded Iso-Lateral Incline Press,60,10,,,,,Chest,,174
2020-08-14,Hammer Strength Plate Loaded Iso-Lateral Incline Press,50,10,,,,,Chest,,174
2020-08-14,Assisted Dips-Axiom,105,12,A little light - triceps have grown + body weight decrease,,,,Triceps,,174
2020-08-14,Assisted Dips-Axiom,105,10,,,,,Triceps,,174
2020-08-14,Assisted Dips-Axiom,95,10,,,,,Triceps,,174
2020-08-14,Dumbbell Lateral Raises,12.5,12,,,,,Shoulders,,174
2020-08-14,Dumbbell Lateral Raises,12.5,10,Probably failed the tenth,,,,Shoulders,,174
2020-08-14,Dumbbell Lateral Raises,10,12,,,,,Shoulders,,174
2020-08-14,Dumbbell Lateral Raises,10,10,,,,,Shoulders,,174
2020-08-14,Cable Kickbacks,7,10,,,,,Triceps,,174
2020-08-14,Cable Kickbacks,7,8,,,,,Triceps,,174
2020-08-14,Pec Deck-Axiom,60,15,,,,,Chest,,174
2020-08-14,Pec Deck-Axiom,60,12,,,,,Chest,,174
2020-08-14,Pec Deck-Axiom,60,10,,,,,Chest,,174
2020-08-14,Standing Calf Raise Machine-Axiom,60,15,A little easier no calves yesterday,,,,Legs,,174
2020-08-14,Standing Calf Raise Machine-Axiom,60,12,,,,,Legs,,174
2020-08-14,Standing Calf Raise Machine-Axiom,60,10,,,,,Legs,,174
2020-08-13,Smith Squat ATG slow eccentric-FFA,70,13,,,,,Legs,Legs volume,173
2020-08-13,Smith Squat ATG slow eccentric-FFA,70,11,,,,,Legs,Legs volume,173
2020-08-13,Smith Squat ATG slow eccentric-FFA,70,9,,,,,Legs,Legs volume,173
2020-08-13,Smith Squat ATG slow eccentric-FFA,70,8,,,,,Legs,Legs volume,173
2020-08-13,Leg Extensions-FFA,75,15,,,,,Legs,Legs volume,173
2020-08-13,Leg Extensions-FFA,75,12,,,,,Legs,Legs volume,173
2020-08-13,Leg Extensions-FFA,75,10,,,,,Legs,Legs volume,173
2020-08-13,Seated Leg Curl-FFA,75,13,,,,,Legs,Legs volume,173
2020-08-13,Seated Leg Curl-FFA,75,11,,,,,Legs,Legs volume,173
2020-08-13,Seated Leg Curl-FFA,75,9,,,,,Legs,Legs volume,173
2020-08-12,Assisted Pullups-FFA,105,12,,,,,Back,Pull low,175
2020-08-12,Assisted Pullups-FFA,105,10,,,,,Back,Pull low,175
2020-08-12,Assisted Pullups-FFA,95,10,,,,,Back,Pull low,175
2020-08-12,One-Arm Hammer Rows,55,15,,,,,Back,Pull low,175
2020-08-12,One-Arm Hammer Rows,55,12,,,,,Back,Pull low,175
2020-08-12,One-Arm Hammer Rows,55,10,,,,,Back,Pull low,175
2020-08-12,Cable Curls-FFA,60,12,,,,,Biceps,Pull low,175
2020-08-12,Cable Curls-FFA,60,10,,,,,Biceps,Pull low,175
2020-08-12,Cable Curls-FFA,60,10,,,,,Biceps,Pull low,175
2020-08-12,Concentration Curl,15,12,,,,,Biceps,Pull low,175
2020-08-12,Concentration Curl,15,10,,,,,Biceps,Pull low,175
2020-08-11,Hammer Strength Iso-Lateral Flat Press,80,14,,,,,Chest,,175
2020-08-11,Hammer Strength Iso-Lateral Flat Press,80,9,,,,,Chest,,175
2020-08-11,Hammer Strength Iso-Lateral Flat Press,70,9,,,,,Chest,,175
2020-08-11,Machine Shoulder Press-FFA,50,12,,,,,Shoulders,,175
2020-08-11,Machine Shoulder Press-FFA,50,10,,,,,Shoulders,,175
2020-08-11,Machine Shoulder Press-FFA,40,12,,,,,Shoulders,,175
2020-08-11,Hammer Strength Plate Loaded Iso-Lateral Incline Press,65,10,,,,,Chest,,175
2020-08-11,Hammer Strength Plate Loaded Iso-Lateral Incline Press,60,10,,,,,Chest,,175
2020-08-11,Hammer Strength Plate Loaded Iso-Lateral Incline Press,50,10,,,,,Chest,,175
2020-08-11,Assisted Dips-FFA,105,13,,,,,Triceps,,175
2020-08-11,Assisted Dips-FFA,105,10,,,,,Triceps,,175
2020-08-11,Assisted Dips-FFA,95,10,,,,,Triceps,,175
2020-08-11,Cable Kickbacks,10,10,,,,,Triceps,,175
2020-08-11,Cable Kickbacks,10,8,,,,,Triceps,,175
2020-08-11,Cable Lateral Raise,10,10,,,,,Shoulders,,175
2020-08-11,Cable Lateral Raise,10,8,,,,,Shoulders,,175
2020-08-11,Cable Flyes-FFA,20,15,,,,,Chest,,175
2020-08-11,Cable Flyes-FFA,20,11,,,,,Chest,,175
2020-08-09,Smith Squat ATG slow eccentric-FFA,70,13,,,,,Legs,,175
2020-08-09,Smith Squat ATG slow eccentric-FFA,70,11,,,,,Legs,,175
2020-08-09,Smith Squat ATG slow eccentric-FFA,70,9,,,,,Legs,,175
2020-08-09,Smith Squat ATG slow eccentric-FFA,70,8,,,,,Legs,,175
2020-08-09,Leg Extensions-FFA,75,15,,,,,Legs,,175
2020-08-09,Leg Extensions-FFA,75,12,,,,,Legs,,175
2020-08-09,Leg Extensions-FFA,75,10,,,,,Legs,,175
2020-08-09,Seated Leg Curl-FFA,75,13,,,,,Legs,,175
2020-08-09,Seated Leg Curl-FFA,75,11,,,,,Legs,,175
2020-08-09,Seated Leg Curl-FFA,75,9,,,,,Legs,,175
2020-08-09,Machine Shoulder Press-FFA,50,12,,,,,Shoulders,,175
2020-08-09,Machine Shoulder Press-FFA,50,10,,,,,Shoulders,,175
2020-08-09,Machine Shoulder Press-FFA,40,10,,,,,Shoulders,,175
2020-08-08,Assisted Pullups-Axiom,105,15,,,,,Back,,
2020-08-08,Assisted Pullups-Axiom,105,10,,,,,Back,,
2020-08-08,Assisted Pullups-Axiom,95,10,,,,,Back,,
2020-08-08,Leverage Machine High Row One-Arm,45,14,,,,,Back,,
2020-08-08,Leverage Machine High Row One-Arm,45,12,,,,,Back,,
2020-08-08,Leverage Machine High Row One-Arm,45,10,,,,,Back,,
2020-08-08,Iso-Lateral Low Row Machine,35,15,,,,,Back,,
2020-08-08,Iso-Lateral Low Row Machine,35,13,,,,,Back,,
2020-08-08,Iso-Lateral Low Row Machine,35,10,,,,,Back,,
2020-08-08,Preacher Curl Machine,35,8,,,,,Biceps,,
2020-08-08,Preacher Curl Machine,45,10,,,,,Biceps,,
2020-08-08,Preacher Curl Machine,35,12,,,,,Biceps,,
2020-08-08,Preacher Curl Machine,35,10,,,,,Biceps,,
2020-08-08,Preacher Curl Machine,30,10,,,,,Biceps,,
2020-08-08,Preacher Curl Machine,30,8,,,,,Biceps,,
2020-08-08,Concentration Curl,15,12,,,,,Biceps,,
2020-08-08,Concentration Curl,15,10,,,,,Biceps,,
2020-08-08,Concentration Curl,12.5,10,,,,,Biceps,,
2020-08-08,Concentration Curl,12.5,10,,,,,Biceps,,
2020-08-08,Standing Calf Raise Machine-Axiom,65,12,,,,,Legs,,
2020-08-08,Standing Calf Raise Machine-Axiom,65,10,,,,,Legs,,
2020-08-08,Standing Calf Raise Machine-Axiom,65,8,,,,,Legs,,
2020-08-08,Reverse Pec Deck,40,12,,,,,Shoulders,,
2020-08-08,Reverse Pec Deck,40,10,,,,,Shoulders,,
2020-08-08,Reverse Pec Deck,30,10,,,,,Shoulders,,
2020-08-07,Hammer Strength Iso-Lateral Flat Press,80,14,,,,,Chest,,175
2020-08-07,Hammer Strength Iso-Lateral Flat Press,80,9,,,,,Chest,,175
2020-08-07,Hammer Strength Iso-Lateral Flat Press,70,8,,,,,Chest,,175
2020-08-07,Machine Shoulder Press-FFA,50,12,,,,,Shoulders,,175
2020-08-07,Machine Shoulder Press-FFA,50,10,,,,,Shoulders,,175
2020-08-07,Machine Shoulder Press-FFA,50,8,,,,,Shoulders,,175
2020-08-07,Hammer Strength Plate Loaded Iso-Lateral Incline Press,65,12,,,,,Chest,,175
2020-08-07,Hammer Strength Plate Loaded Iso-Lateral Incline Press,65,10,,,,,Chest,,175
2020-08-07,Hammer Strength Plate Loaded Iso-Lateral Incline Press,65,8,,,,,Chest,,175
2020-08-07,Assisted Dips-FFA,105,13,,,,,Triceps,,175
2020-08-07,Assisted Dips-FFA,105,10,,,,,Triceps,,175
2020-08-07,Assisted Dips-FFA,95,10,,,,,Triceps,,175
2020-08-07,Dumbbell Side Laterals,12.5,10,,,,,Shoulders,,175
2020-08-07,Dumbbell Side Laterals,12.5,8,,,,,Shoulders,,175
2020-08-07,Dumbbell Side Laterals,10,12,,,,,Shoulders,,175
2020-08-07,Dumbbell Side Laterals,10,10,,,,,Shoulders,,175
2020-08-06,Smith Squat ATG slow eccentric-FFA,70,13,,,,,Legs,,175
2020-08-06,Smith Squat ATG slow eccentric-FFA,70,11,,,,,Legs,,175
2020-08-06,Smith Squat ATG slow eccentric-FFA,70,9,,,,,Legs,,175
2020-08-06,Smith Squat ATG slow eccentric-FFA,70,8,,,,,Legs,,175
2020-08-06,Leg Extensions-FFA,75,15,,,,,Legs,,175
2020-08-06,Leg Extensions-FFA,75,12,,,,,Legs,,175
2020-08-06,Leg Extensions-FFA,75,10,,,,,Legs,,175
2020-08-06,Seated Leg Curl-FFA,75,13,,,,,Legs,,175
2020-08-06,Seated Leg Curl-FFA,75,11,,,,,Legs,,175
2020-08-06,Seated Leg Curl-FFA,75,9,,,,,Legs,,175
2020-08-06,Dumbbell Side Laterals,12.5,13,,,,,Shoulders,,175
2020-08-06,Dumbbell Side Laterals,12.5,10,,,,,Shoulders,,175
2020-08-06,Dumbbell Side Laterals,10,13,,,,,Shoulders,,175
2020-08-06,Dumbbell Side Laterals,10,10,,,,,Shoulders,,175
2020-08-06,Seated Calf Press-FFA,90,15,,,,,Legs,,175
2020-08-06,Seated Calf Press-FFA,90,12,,,,,Legs,,175
2020-08-06,Seated Calf Press-FFA,90,10,,,,,Legs,,175
2020-08-05,Assisted Pullups-FFA,105,12,,,,,Back,,175
2020-08-05,Assisted Pullups-FFA,105,10,,,,,Back,,175
2020-08-05,Assisted Pullups-FFA,95,10,,,,,Back,,175
2020-08-05,One-Arm Hammer Rows,55,15,,,,,Back,,175
2020-08-05,One-Arm Hammer Rows,55,12,,,,,Back,,175
2020-08-05,One-Arm Hammer Rows,55,10,,,,,Back,,175
2020-08-05,EZ Bar Curls,50,10,,,,,Biceps,,175
2020-08-05,EZ Bar Curls,50,12,,,,,Biceps,,175
2020-08-05,EZ Bar Curls,30,10,,,,,Biceps,,175
2020-08-05,Cable Curls-FFA,40,12,,,,,Biceps,,175
2020-08-05,Cable Curls-FFA,40,10,,,,,Biceps,,175
2020-08-05,Cable Curls-FFA,40,8,,,,,Biceps,,175
2020-08-05,Face Pulls-FFA,25,12,,,,,Shoulders,,175
2020-08-05,Face Pulls-FFA,25,10,,,,,Shoulders,,175
2020-08-04,Hammer Strength Iso-Lateral Flat Press,80,12,,,,,Chest,,175
2020-08-04,Hammer Strength Iso-Lateral Flat Press,70,12,,,,,Chest,,175
2020-08-04,Hammer Strength Iso-Lateral Flat Press,70,9,,,,,Chest,,175
2020-08-04,Machine Shoulder Press-FFA,60,15,,,,,Shoulders,,175
2020-08-04,Machine Shoulder Press-FFA,60,12,,,,,Shoulders,,175
2020-08-04,Machine Shoulder Press-FFA,60,10,,,,,Shoulders,,175
2020-08-04,Hammer Strength Plate Loaded Iso-Lateral Incline Press,65,12,Tired,,,,Chest,,175
2020-08-04,Hammer Strength Plate Loaded Iso-Lateral Incline Press,65,10,,,,,Chest,,175
2020-08-04,Hammer Strength Plate Loaded Iso-Lateral Incline Press,65,8,,,,,Chest,,175
2020-08-04,Assisted Dips-FFA,105,13,,,,,Triceps,,175
2020-08-04,Assisted Dips-FFA,105,10,,,,,Triceps,,175
2020-08-04,Assisted Dips-FFA,95,10,,,,,Triceps,,175
2020-08-04,Cable Kickbacks,10,12,,,,,Triceps,,175
2020-08-04,Cable Kickbacks,10,10,,,,,Triceps,,175
2020-08-04,Dumbbell Lateral Raises,12.5,12,,,,,Shoulders,,175
2020-08-04,Dumbbell Lateral Raises,12.5,10,,,,,Shoulders,,175
2020-08-04,Dumbbell Lateral Raises,10,12,,,,,Shoulders,,175
2020-08-04,Dumbbell Lateral Raises,10,10,,,,,Shoulders,,175
2020-08-04,Smith Calf Raise,80,17,,,,,Legs,,175
2020-08-04,Smith Calf Raise,80,12,,,,,Legs,,175
2020-08-04,Smith Calf Raise,80,10,,,,,Legs,,175
2020-08-02,Smith Squat ATG slow eccentric-FFA,70,8,,,,,Legs,,175
2020-08-02,Smith Squat ATG slow eccentric-FFA,70,8,,,,,Legs,,175
2020-08-02,Smith Squat ATG slow eccentric-FFA,70,8,,,,,Legs,,175
2020-08-02,Smith Squat ATG slow eccentric-FFA,70,8,,,,,Legs,,175
2020-08-02,Leg Extensions-FFA,75,12,,,,,Legs,,175
2020-08-02,Leg Extensions-FFA,75,12,,,,,Legs,,175
2020-08-02,Leg Extensions-FFA,75,12,,,,,Legs,,175
2020-08-02,Seated Leg Curl-FFA,75,12,,,,,Legs,,175
2020-08-02,Seated Leg Curl-FFA,75,12,,,,,Legs,,175
2020-08-02,Seated Leg Curl-FFA,75,12,,,,,Legs,,175
2020-08-02,Dumbbell Lateral Raises,12.5,10,,,,,Shoulders,,175
2020-08-02,Dumbbell Lateral Raises,12.5,8,,,,,Shoulders,,175
2020-08-02,Dumbbell Lateral Raises,10,12,,,,,Shoulders,,175
2020-08-02,Dumbbell Lateral Raises,10,10,,,,,Shoulders,,175
2020-08-01,Assisted Pullups-Axiom,105,12,,,,,Back,,173
2020-08-01,Assisted Pullups-Axiom,105,10,,,,,Back,,173
2020-08-01,Assisted Pullups-Axiom,95,10,,,,,Back,,173
2020-08-01,Leverage Machine High Row One-Arm,45,14,,,,,Back,,173
2020-08-01,Leverage Machine High Row One-Arm,45,12,,,,,Back,,173
2020-08-01,Leverage Machine High Row One-Arm,45,10,,,,,Back,,173
2020-08-01,Iso-Lateral Low Row Machine,35,14,,,,,Back,,173
2020-08-01,Iso-Lateral Low Row Machine,35,12,,,,,Back,,173
2020-08-01,Iso-Lateral Low Row Machine,35,10,,,,,Back,,173
2020-08-01,Dorsiflexor Machine Wide,60,12,,,,,Shoulders,,173
2020-08-01,Dorsiflexor Machine Wide,60,12,,,,,Shoulders,,173
2020-08-01,Preacher Curl Machine,45,10,,,,,Biceps,,173
2020-08-01,Preacher Curl Machine,35,12,,,,,Biceps,,173
2020-08-01,Preacher Curl Machine,30,10,,,,,Biceps,,173
2020-08-01,Straight Bar Curls,30,12,,,,,Biceps,,173
2020-08-01,Straight Bar Curls,30,10,,,,,Biceps,,173
2020-08-01,Straight Bar Curls,30,8,,,,,Biceps,,173
2020-08-01,Concentration Curl,15,12,,,,,Biceps,,173
2020-08-01,Concentration Curl,12.5,12,,,,,Biceps,,173
2020-08-01,Concentration Curl,12.5,10,,,,,Biceps,,173
2020-08-01,Standing Calf Raise Machine-Axiom,50,15,,,,,Legs,,173
2020-08-01,Standing Calf Raise Machine-Axiom,50,13,,,,,Legs,,173
2020-08-01,Standing Calf Raise Machine-Axiom,50,10,,,,,Legs,,173
2020-07-31,Flex Leverage Plate Loaded Chest Press-Axiom,80,14,,,,,Chest,,175
2020-07-31,Flex Leverage Plate Loaded Chest Press-Axiom,80,12,,,,,Chest,,175
2020-07-31,Flex Leverage Plate Loaded Chest Press-Axiom,80,10,,,,,Chest,,175
2020-07-31,Machine Shoulder Press-Axiom,30,15,,,,,Shoulders,,175
2020-07-31,Machine Shoulder Press-Axiom,30,12,,,,,Shoulders,,175
2020-07-31,Machine Shoulder Press-Axiom,30,10,,,,,Shoulders,,175
2020-07-31,Hammer Strength Plate Loaded Iso-Lateral Incline Press,70,12,,,,,Chest,,175
2020-07-31,Hammer Strength Plate Loaded Iso-Lateral Incline Press,70,10,,,,,Chest,,175
2020-07-31,Hammer Strength Plate Loaded Iso-Lateral Incline Press,70,8,,,,,Chest,,175
2020-07-31,Assisted Dips-Axiom,105,12,,,,,Triceps,,175
2020-07-31,Assisted Dips-Axiom,105,10,,,,,Triceps,,175
2020-07-31,Assisted Dips-Axiom,95,10,,,,,Triceps,,175
2020-07-31,Dumbbell Lateral Raises,12.5,12,,,,,Shoulders,,175
2020-07-31,Dumbbell Lateral Raises,12.5,10,,,,,Shoulders,,175
2020-07-31,Dumbbell Lateral Raises,10,12,,,,,Shoulders,,175
2020-07-31,Dumbbell Lateral Raises,10,10,  Very good form,,,,Shoulders,,175
2020-07-31,Cable Kickbacks,7.5,14,,,,,Triceps,,175
2020-07-31,Cable Kickbacks,7.5,9,,,,,Triceps,,175
2020-07-31,Pec Deck-Axiom,60,12,,,,,Chest,,175
2020-07-31,Pec Deck-Axiom,60,10,,,,,Chest,,175
2020-07-31,Pec Deck-Axiom,50,10,,,,,Chest,,175
2020-07-31,Standing Calf Raise Machine-Axiom,50,15,,,,,Legs,,175
2020-07-31,Standing Calf Raise Machine-Axiom,50,13,,,,,Legs,,175
2020-07-31,Standing Calf Raise Machine-Axiom,50,10,,,,,Legs,,175
2020-07-30,Smith Squat ATG slow eccentric-FFA,90,6,,,,,Legs,,175
2020-07-30,Smith Squat ATG slow eccentric-FFA,90,5,,,,,Legs,,175
2020-07-30,Smith Squat ATG slow eccentric-FFA,70,8,,,,,Legs,,175
2020-07-30,Smith Squat ATG slow eccentric-FFA,70,8,,,,,Legs,,175
2020-07-30,Leg Press-FFA,180,10,,,,,Legs,,175
2020-07-30,Leg Press-FFA,180,9,,,,,Legs,,175
2020-07-30,Leg Press-FFA,180,8,,,,,Legs,,175
2020-07-30,Seated Leg Curl-FFA,75,10,,,,,Legs,,175
2020-07-30,Seated Leg Curl-FFA,75,8,,,,,Legs,,175
2020-07-30,Seated Leg Curl-FFA,75,8,,,,,Legs,,175
2020-07-29,Assisted Pullups-FFA,105,12,2 RIR about right,,,,Back,FFA 2RIR Pull,175
2020-07-29,Assisted Pullups-FFA,105,10,,,,,Back,FFA 2RIR Pull,175
2020-07-29,Assisted Pullups-FFA,95,10,,,,,Back,FFA 2RIR Pull,175
2020-07-29,One-Arm Hammer Rows,55,14,Could be more 3/4 RIR all through,,,,Back,FFA 2RIR Pull,175
2020-07-29,One-Arm Hammer Rows,55,12,,,,,Back,FFA 2RIR Pull,175
2020-07-29,One-Arm Hammer Rows,55,10,,,,,Back,FFA 2RIR Pull,175
2020-07-29,Seated Row Closegrip,70,15,A little light,,,,Back,FFA 2RIR Pull,175
2020-07-29,Seated Row Closegrip,70,15,,,,,Back,FFA 2RIR Pull,175
2020-07-29,Seated Row Closegrip,70,13,Slightly heavier and weâ€™re good,,,,Back,FFA 2RIR Pull,175
2020-07-29,Face Pulls-FFA,25,12,,,,,Shoulders,FFA 2RIR Pull,175
2020-07-29,Face Pulls-FFA,25,10,,,,,Shoulders,FFA 2RIR Pull,175
2020-07-29,Face Pulls-FFA,25,10,,,,,Shoulders,FFA 2RIR Pull,175
2020-07-29,One-Arm Dumbbell Preacher Curl,15,10,,,,,Biceps,FFA 2RIR Pull,175
2020-07-29,One-Arm Dumbbell Preacher Curl,15,10,,,,,Biceps,FFA 2RIR Pull,175
2020-07-29,One-Arm Dumbbell Preacher Curl,15,8,,,,,Biceps,FFA 2RIR Pull,175
2020-07-29,Cable Curls-FFA,40,12,,,,,Biceps,FFA 2RIR Pull,175
2020-07-29,Cable Curls-FFA,40,10,,,,,Biceps,FFA 2RIR Pull,175
2020-07-29,Cable Curls-FFA,40,8,Pooped,,,,Biceps,FFA 2RIR Pull,175
2020-07-28,Hammer Strength Iso-Lateral Flat Press,80,12,Too heavy for 15 reps,,,,Chest,FFA 2RIR Push,175
2020-07-28,Hammer Strength Iso-Lateral Flat Press,75,10,5 pound drop not enough to maintain 12 reps,,,,Chest,FFA 2RIR Push,175
2020-07-28,Hammer Strength Iso-Lateral Flat Press,70,10,2 RIR,,,,Chest,FFA 2RIR Push,175
2020-07-28,Machine Shoulder Press-FFA,65,13,60 is probably the mark,,,,Shoulders,FFA 2RIR Push,175
2020-07-28,Machine Shoulder Press-FFA,60,12,Pretty close,,,,Shoulders,FFA 2RIR Push,175
2020-07-28,Machine Shoulder Press-FFA,60,10,A little tough,,,,Shoulders,FFA 2RIR Push,175
2020-07-28,Hammer Strength Plate Loaded Iso-Lateral Incline Press,65,15,Pretty close to 2 RIR,,,,Chest,FFA 2RIR Push,175
2020-07-28,Hammer Strength Plate Loaded Iso-Lateral Incline Press,65,12,,,,,Chest,FFA 2RIR Push,175
2020-07-28,Hammer Strength Plate Loaded Iso-Lateral Incline Press,65,10,Pretty good targets,,,,Chest,FFA 2RIR Push,175
2020-07-28,Assisted Dips-FFA,105,12,Probably 3 RIR - shoukd have done 13 as planned,,,,Triceps,FFA 2RIR Push,175
2020-07-28,Assisted Dips-FFA,105,10,,,,,Triceps,FFA 2RIR Push,175
2020-07-28,Assisted Dips-FFA,105,8,Maybe 1 RIR,,,,Triceps,FFA 2RIR Push,175
2020-07-28,Dumbbell Side Laterals,15,10,Little heavy for 13,,,,Shoulders,FFA 2RIR Push,175
2020-07-28,Dumbbell Side Laterals,12.5,10,,,,,Shoulders,FFA 2RIR Push,175
2020-07-28,Dumbbell Side Laterals,10,12,,,,,Shoulders,FFA 2RIR Push,175
2020-07-28,Dumbbell Side Laterals,10,10,Probably about right,,,,Shoulders,FFA 2RIR Push,175
2020-07-28,Cable Flyes-FFA,25,10,20 was probably right for 15,,,,Chest,FFA 2RIR Push,175
2020-07-28,Cable Flyes-FFA,20,12,,,,,Chest,FFA 2RIR Push,175
2020-07-28,Cable Flyes-FFA,20,12,,,,,Chest,FFA 2RIR Push,175
2020-07-26,Smith Squat ATG slow eccentric-FFA,,,,,,,Legs,Deload Legs FFA,174
2020-07-26,Smith Squat ATG slow eccentric-FFA,,,,,,,Legs,Deload Legs FFA,174
2020-07-26,Smith Squat ATG slow eccentric-FFA,70,5,Harder than ecoected,,,,Legs,Deload Legs FFA,174
2020-07-26,Smith Squat ATG slow eccentric-FFA,80,7,,,,,Legs,Deload Legs FFA,174
2020-07-26,Leg Press Standard-FFA,,,,,,,Legs,Deload Legs FFA,174
2020-07-26,Leg Press Standard-FFA,180,8,Just right - closer feet, less ROM, no rounding, feeling wuads,,,,Legs,Deload Legs FFA,174
2020-07-26,Leg Press Standard-FFA,180,8,,,,,Legs,Deload Legs FFA,174
2020-07-26,Seated Leg Curl-FFA,,,,,,,Legs,Deload Legs FFA,174
2020-07-26,Seated Leg Curl-FFA,75,12,3/5/2 settings,,,,Legs,Deload Legs FFA,174
2020-07-26,Seated Leg Curl-FFA,75,10,Felt amazing, 5/6 RIR,,,,Legs,Deload Legs FFA,174
2020-07-26,Smith Calf Raise,,,,,,,Legs,Deload Legs FFA,174
2020-07-26,Smith Calf Raise,70,15,Just right for 5 RIR mo tech fail,,,,Legs,Deload Legs FFA,174
2020-07-26,Smith Calf Raise,70,12,,,,,Legs,Deload Legs FFA,174
2020-07-26,Smith Calf Raise,70,9,,,,,Legs,Deload Legs FFA,174
2020-07-25,Assisted Pullups-Axiom,,,,,,,Back,Deload Pull Axiom,174.5
2020-07-25,Assisted Pullups-Axiom,70,12,3 RIR potentially,,,,Back,Deload Pull Axiom,174.5
2020-07-25,Assisted Pullups-Axiom,70,9,,,,,Back,Deload Pull Axiom,174.5
2020-07-25,Hammer Strength Leverage Machine High Row,,,,,,,Back,Deload Pull Axiom,174.5
2020-07-25,Hammer Strength Leverage Machine High Row,90,12,12 a little easy - 5/6 RIR,,,,Back,Deload Pull Axiom,174.5
2020-07-25,Hammer Strength Leverage Machine High Row,90,12,3/4 RIR,,,,Back,Deload Pull Axiom,174.5
2020-07-25,Reverse Pec Deck,,,,,,,Shoulders,Deload Pull Axiom,174.5
2020-07-25,Reverse Pec Deck,40,12,Should have gone slower then we hit 3 RIR,,,,Shoulders,Deload Pull Axiom,174.5
2020-07-25,Reverse Pec Deck,40,9,Slower 3 RIR - much more difficult with gocus om rdelts,,,,Shoulders,Deload Pull Axiom,174.5
2020-07-25,Preacher Curl Machine,,,,,,,Biceps,Deload Pull Axiom,174.5
2020-07-25,Preacher Curl Machine,35,14,3/4 RIR - connection super important,,,,Biceps,Deload Pull Axiom,174.5
2020-07-25,Preacher Curl Machine,35,10,Good clean reps for 3 RIR,,,,Biceps,Deload Pull Axiom,174.5
2020-07-25,Concentration Curl,15,10,10 clean is 3 RIR,,,,Biceps,Deload Pull Axiom,174.5
2020-07-25,Concentration Curl,15,8,,,,,Biceps,Deload Pull Axiom,174.5
2020-07-24,Flex Leverage Plate Loaded Chest Press-Axiom,,,,,,,Chest,Deload Push Axiom,175
2020-07-24,Flex Leverage Plate Loaded Chest Press-Axiom,,,,,,,Chest,Deload Push Axiom,175
2020-07-24,Flex Leverage Plate Loaded Chest Press-Axiom,90,10,2-3 RIR,,,,Chest,Deload Push Axiom,175
2020-07-24,Flex Leverage Plate Loaded Chest Press-Axiom,90,8,2 RIR,,,,Chest,Deload Push Axiom,175
2020-07-24,Machine Shoulder Press-Axiom,,,,,,,Shoulders,Deload Push Axiom,175
2020-07-24,Machine Shoulder Press-Axiom,35,12,40 a bit heavy right now - 12 possibly slightly too many for 3 RIR,,,,Shoulders,Deload Push Axiom,175
2020-07-24,Machine Shoulder Press-Axiom,35,8,Just right for 3 RIR on 2nd right now,,,,Shoulders,Deload Push Axiom,175
2020-07-24,Hammer Strength Plate Loaded Iso-Lateral Incline Press,,,,,,,Chest,Deload Push Axiom,175
2020-07-24,Hammer Strength Plate Loaded Iso-Lateral Incline Press,70,10,Last ex - 3 RIR - will need a couple more reps if earlier,,,,Chest,Deload Push Axiom,175
2020-07-24,Hammer Strength Plate Loaded Iso-Lateral Incline Press,70,8,,,,,Chest,Deload Push Axiom,175
2020-07-24,Assisted Dips,,,,,,,Triceps,Deload Push Axiom,175
2020-07-24,Assisted Dips,-70,10,Maybe 4 RIR,,,,Triceps,Deload Push Axiom,175
2020-07-24,Assisted Dips,-70,8,Almost 4 again,,,,Triceps,Deload Push Axiom,175
2020-07-24,Dumbbell Lateral Raises,12.5,13,Pretty close to 3,,,,Shoulders,Deload Push Axiom,175
2020-07-24,Dumbbell Lateral Raises,12.5,10,2/3 - technical breakdown,,,,Shoulders,Deload Push Axiom,175
2020-07-24,Pec Deck-Axiom,,,,,,,Chest,Deload Push Axiom,175
2020-07-24,Pec Deck-Axiom,60,12,Good but did before last, probably right intensity,,,,Chest,Deload Push Axiom,175
2020-07-24,Pec Deck-Axiom,60,10,,,,,Chest,Deload Push Axiom,175
2020-07-23,Smith Squat ATG,90,8,2-3 RIR - ATG a lttle garder than expected,,,,Legs,Test and deload legs,175
2020-07-23,Smith Squat ATG,80,10,2ish RIR,,,,Legs,Test and deload legs,175
2020-07-23,Seated Leg Curl,70,17,2-3 RIR (hard to tell tech fail),,,,Legs,Test and deload legs,175
2020-07-23,Seated Leg Curl,70,14,,,,,Legs,Test and deload legs,175
2020-07-23,Smith Calf Raise,70,20,A little light,,,,Legs,Test and deload legs,175
2020-07-23,Smith Calf Raise,80,15,Pretty good for 2nd set - maybe still 5 light,,,,Legs,Test and deload legs,175
2020-07-23,Smith Calf Raise,80,12,Sick lactic burn before loss - seems to drop off gard with sets - regulate load,,,,Legs,Test and deload legs,175
2020-07-12,Seated Leg Curl,70,12,,,,,Legs,Legs FFA mod accum,178
2020-07-12,Seated Leg Curl,70,12,,,,,Legs,Legs FFA mod accum,178
2020-07-12,Seated Leg Curl,70,12,,,,,Legs,Legs FFA mod accum,178
2020-07-12,Leg Press,180,10,,,,,Legs,Legs FFA mod accum,178
2020-07-12,Leg Press,180,12,,,,,Legs,Legs FFA mod accum,178
2020-07-12,Leg Press,180,10,,,,,Legs,Legs FFA mod accum,178
2020-07-12,Hack Squat,90,10,,,,,Legs,Legs FFA mod accum,178
2020-07-12,Hack Squat,90,10,,,,,Legs,Legs FFA mod accum,178
2020-07-12,Calf Raises,50,15,,,,,Legs,Legs FFA mod accum,178
2020-07-12,Calf Raises,50,15,,,,,Legs,Legs FFA mod accum,178
2020-07-12,Calf Raises,50,12,,,,,Legs,Legs FFA mod accum,178
2020-07-12,Calf Raises,50,10,,,,,Legs,Legs FFA mod accum,178
2020-05-07,Dumbbell Press,30,10,,,,,Chest,PPL Home Push,
2020-05-07,Dumbbell Press,30,10,,,,,Chest,PPL Home Push,
2020-05-07,Shoulder Dumbbell Press,20,10,,,,,Shoulders,PPL Home Push,
2020-05-07,Shoulder Dumbbell Press,20,10,,,,,Shoulders,PPL Home Push,
2020-05-07,Incline Dumbbell Press,30,8,,,,,Chest,PPL Home Push,
2020-05-07,Incline Dumbbell Press,20,8,,,,,Chest,PPL Home Push,
2020-05-07,DB Skullcrusher,15,13,,,,,Triceps,PPL Home Push,
2020-05-07,DB Skullcrusher,15,8,,,,,Triceps,PPL Home Push,
2020-05-07,Dumbbell Lateral Raises,15,8,,,,,Shoulders,PPL Home Push,
2020-05-07,Dumbbell Lateral Raises,10,8,,,,,Shoulders,PPL Home Push,
2020-05-07,DB Kickback,10,8,,,,,Triceps,PPL Home Push,
2020-05-07,DB Kickback,10,8,,,,,Triceps,PPL Home Push,
2020-05-07,Pec Fly,15,8,,,,,Chest,PPL Home Push,
2020-05-07,Pec Fly,15,6,,,,,Chest,PPL Home Push,
2020-04-28,Assisted Pull Up,-100,10,,,,,Back,PPL Home Pull,
2020-04-28,Assisted Pull Up,-100,10,,,,,Back,PPL Home Pull,
2020-04-28,Inverted Row,0,12,,,,,Back,PPL Home Pull,
2020-04-28,Inverted Row,0,10,,,,,Back,PPL Home Pull,
2020-04-28,Dumbbell Row,30,10,,,,,Back,PPL Home Pull,
2020-04-28,Dumbbell Row,30,10,,,,,Back,PPL Home Pull,
2020-04-28,Dumbbell Row,20,13,,,,,Back,PPL Home Pull,
2020-04-28,Dumbbell Row,20,12,,,,,Back,PPL Home Pull,
2020-04-28,DB Rear Delt,10,13,,,,,Back,PPL Home Pull,
2020-04-28,DB Rear Delt,0,10,,,,,Back,PPL Home Pull,
2020-04-28,Hammer Curl,20,10,,,,,Biceps,PPL Home Pull,
2020-04-28,Hammer Curl,20,10,,,,,Biceps,PPL Home Pull,
2020-04-28,Concentration Curl,15,10,,,,,Biceps,PPL Home Pull,
2020-04-28,Concentration Curl,15,10,,,,,Biceps,PPL Home Pull,
2020-02-01,T-bar Row,45,8,,,,,Back,Delt 2B,
2020-02-01,T-bar Row,45,8,,,,,Back,Delt 2B,
2020-02-01,Assisted Pull Up,-60,10,,,,,Back,Delt 2B,
2020-02-01,Assisted Pull Up,-60,10,,,,,Back,Delt 2B,
2020-02-01,Assisted Pull Up,-60,8,Super slow and controlled reps,,,,Back,Delt 2B,
2020-02-01,Seated Row Closegrip,75,10,,,,,Back,Delt 2B,
2020-02-01,Seated Row Closegrip,90,10,,,,,Back,Delt 2B,
2020-02-01,Seated Row Closegrip,90,8,,,,,Back,Delt 2B,
2020-02-01,Seated Row Closegrip,90,3,Low back pump again,,,,Back,Delt 2B,
2020-02-01,Rear Delt Machine,30,10,,,,,Shoulders,Delt 2B,
2020-02-01,Rear Delt Machine,30,10,,,,,Shoulders,Delt 2B,
2020-02-01,Preacher Curls,35,12,,,,,Biceps,Delt 2B,
2020-02-01,Preacher Curls,45,10,,,,,Biceps,Delt 2B,
2020-02-01,Preacher Curls,45,8,,,,,Biceps,Delt 2B,
2020-02-01,Preacher Curls,35,10,,,,,Biceps,Delt 2B,
2020-02-01,Machine Shoulder Press,50,10,,,,,Shoulders,Delt 2B,
2020-02-01,Machine Shoulder Press,50,10,,,,,Shoulders,Delt 2B,
2020-02-01,Machine Shoulder Press,50,10,,,,,Shoulders,Delt 2B,
2020-02-01,Machine Lateral Raise,20,15,,,,,Shoulders,Delt 2B,
2020-02-01,Machine Lateral Raise,30,10,,,,,Shoulders,Delt 2B,
2020-02-01,Machine Lateral Raise,30,10,,,,,Shoulders,Delt 2B,
2020-01-31,Rear Delt Machine,30,10,,,,,Shoulders,Delt 2A,
2020-01-31,Rear Delt Machine,30,10,,,,,Shoulders,Delt 2A,
2020-01-31,Rear Delt Machine,30,10,,,,,Shoulders,Delt 2A,
2020-01-31,Machine Bench Press,90,8,3ish,,,,Chest,Delt 2A,
2020-01-31,Machine Bench Press,90,9,,,,,Chest,Delt 2A,
2020-01-31,Machine Bench Press,90,8,,,,,Chest,Delt 2A,
2020-01-31,Incline Machine Press,70,8,,,,,Chest,Delt 2A,
2020-01-31,Incline Machine Press,70,8,,,,,Chest,Delt 2A,
2020-01-31,Incline Machine Press,70,8,Single arm way harder - probably using more chest,,,,Chest,Delt 2A,
2020-01-31,Machine Shoulder Press,50,10,,,,,Shoulders,Delt 2A,
2020-01-31,Machine Shoulder Press,50,10,,,,,Shoulders,Delt 2A,
2020-01-31,Machine Shoulder Press,50,8,First ex - performance slightly down,,,,Shoulders,Delt 2A,
2020-01-31,Single Cable Tricep Pushdown,10,12,,,,,Triceps,Delt 2A,
2020-01-31,Single Cable Tricep Pushdown,10,10,,,,,Triceps,Delt 2A,
2020-01-31,Single Cable Tricep Pushdown,10,10,,,,,Triceps,Delt 2A,
2020-01-31,Single Cable Tricep Pushdown,10,8,,,,,Triceps,Delt 2A,
2020-01-31,Machine Lateral Raise,30,10,,,,,Shoulders,Delt 2A,
2020-01-31,Machine Lateral Raise,30,10,,,,,Shoulders,Delt 2A,
2020-01-31,Machine Lateral Raise,30,10,Tough ending,,,,Shoulders,Delt 2A,
2020-01-31,Pec Fly,60,10,,,,,Chest,Delt 2A,
2020-01-31,Pec Fly,60,10,,,,,Chest,Delt 2A,
2020-01-31,Pec Fly,60,10,,,,,Chest,Delt 2A,
2020-01-31,Cable Kickbacks,10,12,,,,,Triceps,Delt 2A,
2020-01-31,Cable Kickbacks,10,10,,,,,Triceps,Delt 2A,
2020-01-31,Cable Kickbacks,10,8,,,,,Triceps,Delt 2A,
2020-01-30,Hack Squat,140,10,,,,,Legs,Delt 2C,
2020-01-30,Hack Squat,140,10,,,,,Legs,Delt 2C,
2020-01-30,Hack Squat,110,10,,,,,Legs,Delt 2C,
2020-01-30,Hack Squat,110,10,Pause / myo reps,,,,Legs,Delt 2C,
2020-01-30,Leg Extensions,,,,,,,Legs,Delt 2C,
2020-01-30,Leg Extensions,,,,,,,Legs,Delt 2C,
2020-01-30,Leg Extensions,,,,,,,Legs,Delt 2C,
2020-01-30,Seated Leg Curl,105,10,,,,,Legs,Delt 2C,
2020-01-30,Seated Leg Curl,105,10,,,,,Legs,Delt 2C,
2020-01-30,Seated Leg Curl,105,10,,,,,Legs,Delt 2C,
2020-01-30,Seated Leg Curl,105,10,Might use pad to keep low back from doing work,,,,Legs,Delt 2C,
2020-01-30,Standing Calf Raise,90,10,,,,,Legs,Delt 2C,
2020-01-30,Standing Calf Raise,90,8,,,,,Legs,Delt 2C,
2020-01-30,Standing Calf Raise,75,8,,,,,Legs,Delt 2C,
2020-01-30,Standing Calf Raise,75,8,Pause in the stretch way harder,,,,Legs,Delt 2C,
2020-01-30,Seated Calf Raises,45,10,,,,,Legs,Delt 2C,
2020-01-30,Seated Calf Raises,45,10,,,,,Legs,Delt 2C,
2020-01-30,Seated Calf Raises,45,10,,,,,Legs,Delt 2C,
2020-01-30,Seated Calf Raises,45,10,Slow stops,,,,Legs,Delt 2C,
2020-01-29,T-bar Row,45,7,After pullup slow pause hold at top,,,,Back,Delt 2B,
2020-01-29,T-bar Row,45,8,,,,,Back,Delt 2B,
2020-01-29,Assisted Pull Up,-50,10,,,,,Back,Delt 2B,
2020-01-29,Assisted Pull Up,-50,8,Semi failed last rep,,,,Back,Delt 2B,
2020-01-29,Assisted Pull Up,-60,8,Semi fail,,,,Back,Delt 2B,
2020-01-29,Seated Row Closegrip,75,13,,,,,Back,Delt 2B,
2020-01-29,Seated Row Closegrip,75,11,,,,,Back,Delt 2B,
2020-01-29,Seated Row Closegrip,75,12,,,,,Back,Delt 2B,
2020-01-29,Seated Row Closegrip,75,10,Low back pump - need to  evaluate technique,,,,Back,Delt 2B,
2020-01-29,Rear Delt Machine,30,10,,,,,Shoulders,Delt 2B,
2020-01-29,Rear Delt Machine,30,10,,,,,Shoulders,Delt 2B,
2020-01-29,Preacher Curls,35,16,,,,,Biceps,Delt 2B,
2020-01-29,Preacher Curls,35,13,,,,,Biceps,Delt 2B,
2020-01-29,Preacher Curls,35,11,,,,,Biceps,Delt 2B,
2020-01-29,Preacher Curls,35,11,,,,,Biceps,Delt 2B,
2020-01-29,Machine Shoulder Press,50,12,Fresher 4/5 RIR,,,,Shoulders,Delt 2B,
2020-01-29,Machine Shoulder Press,50,10,,,,,Shoulders,Delt 2B,
2020-01-29,Machine Lateral Raise,30,12,,,,,Shoulders,Delt 2B,
2020-01-29,Machine Lateral Raise,30,11,,,,,Shoulders,Delt 2B,
2020-01-29,Machine Lateral Raise,30,10,,,,,Shoulders,Delt 2B,
2020-01-28,Rear Delt Machine,30,10,,,,,Shoulders,Delt 2A,
2020-01-28,Rear Delt Machine,30,10,,,,,Shoulders,Delt 2A,
2020-01-28,Rear Delt Machine,30,10,,,,,Shoulders,Delt 2A,
2020-01-28,Machine Bench Press,90,9,,,,,Chest,Delt 2A,
2020-01-28,Machine Bench Press,90,8,,,,,Chest,Delt 2A,
2020-01-28,Machine Bench Press,90,8,,,,,Chest,Delt 2A,
2020-01-28,Incline Machine Press,70,14,,,,,Chest,Delt 2A,
2020-01-28,Incline Machine Press,70,12,,,,,Chest,Delt 2A,
2020-01-28,Incline Machine Press,70,10,2 RIR,,,,Chest,Delt 2A,
2020-01-28,Machine Shoulder Press,50,10,,,,,Shoulders,Delt 2A,
2020-01-28,Machine Shoulder Press,50,10,,,,,Shoulders,Delt 2A,
2020-01-28,Machine Shoulder Press,50,8,1/2,,,,Shoulders,Delt 2A,
2020-01-28,Single Cable Tricep Pushdown,10,12,,,,,Triceps,Delt 2A,
2020-01-28,Single Cable Tricep Pushdown,10,12,,,,,Triceps,Delt 2A,
2020-01-28,Single Cable Tricep Pushdown,10,10,,,,,Triceps,Delt 2A,
2020-01-28,Single Cable Tricep Pushdown,10,10,,,,,Triceps,Delt 2A,
2020-01-28,Machine Lateral Raise,30,12,,,,,Shoulders,Delt 2A,
2020-01-28,Machine Lateral Raise,30,12,,,,,Shoulders,Delt 2A,
2020-01-28,Machine Lateral Raise,30,9,,,,,Shoulders,Delt 2A,
2020-01-28,Pec Fly,45,10,,,,,Chest,Delt 2A,
2020-01-28,Pec Fly,45,10,,,,,Chest,Delt 2A,
2020-01-28,Pec Fly,45,10,,,,,Chest,Delt 2A,
2020-01-28,Cable Kickbacks,10,12,,,,,Triceps,Delt 2A,
2020-01-28,Cable Kickbacks,10,10,,,,,Triceps,Delt 2A,
2020-01-28,Cable Kickbacks,10,8,Very close to fail,,,,Triceps,Delt 2A,
2020-01-26,Hack Squat,90,5,,,,,Legs,Delt1C,
2020-01-26,Hack Squat,160,10,,,,,Legs,Delt1C,
2020-01-26,Hack Squat,160,9,,,,,Legs,Delt1C,
2020-01-26,Hack Squat,160,10,,,,,Legs,Delt1C,
2020-01-26,Leg Extensions,90,5,,,,,Legs,Delt1C,
2020-01-26,Leg Extensions,90,15,,,,,Legs,Delt1C,
2020-01-26,Leg Extensions,90,11,,,,,Legs,Delt1C,
2020-01-26,Seated Leg Curl,100,5,Different machine - slightly more challenging,,,,Legs,Delt1C,
2020-01-26,Seated Leg Curl,100,10,,,,,Legs,Delt1C,
2020-01-26,Seated Leg Curl,100,8,,,,,Legs,Delt1C,
2020-01-26,Seated Leg Curl,100,8,,,,,Legs,Delt1C,
2020-01-26,Standing Calf Raise,90,5,,,,,Legs,Delt1C,
2020-01-26,Standing Calf Raise,140,20,,,,,Legs,Delt1C,
2020-01-26,Standing Calf Raise,140,15,,,,,Legs,Delt1C,
2020-01-26,Standing Calf Raise,140,12,,,,,Legs,Delt1C,
2020-01-26,Standing Calf Raise,140,10,,,,,Legs,Delt1C,
2020-01-26,Standing Calf Raise,110,12,,,,,Legs,Delt1C,
2020-01-26,Standing Calf Raise,110,12,,,,,Legs,Delt1C,
2020-01-25,Assisted Pull Up,-50,2,,,,,Back,Delt 1B,
2020-01-25,Assisted Pull Up,-50,10,,,,,Back,Delt 1B,
2020-01-25,Assisted Pull Up,-50,8,,,,,Back,Delt 1B,
2020-01-25,Rear Delt Machine,15,5,,,,,Shoulders,Delt 1B,
2020-01-25,Rear Delt Machine,30,10,,,,,Shoulders,Delt 1B,
2020-01-25,Rear Delt Machine,30,10,,,,,Shoulders,Delt 1B,
2020-01-25,Preacher Curls,,,,,,,Biceps,Delt 1B,
2020-01-25,Preacher Curls,35,15,,,,,Biceps,Delt 1B,
2020-01-25,Preacher Curls,35,12,,,,,Biceps,Delt 1B,
2020-01-25,Preacher Curls,35,10,,,,,Biceps,Delt 1B,
2020-01-25,Preacher Curls,35,10,,,,,Biceps,Delt 1B,
2020-01-25,Machine Shoulder Press,40,5,,,,,Shoulders,Delt 1B,
2020-01-25,Machine Shoulder Press,50,10,1/2 RIR,,,,Shoulders,Delt 1B,
2020-01-25,Machine Shoulder Press,50,10,1/2,,,,Shoulders,Delt 1B,
2020-01-25,Machine Lateral Raise,20,5,,,,,Shoulders,Delt 1B,
2020-01-25,Machine Lateral Raise,30,12,,,,,Shoulders,Delt 1B,
2020-01-25,Machine Lateral Raise,30,10,,,,,Shoulders,Delt 1B,
2020-01-25,Seated Row Closegrip,60,5,,,,,Back,Delt 1B,
2020-01-25,Seated Row Closegrip,75,13,,,,,Back,Delt 1B,
2020-01-25,Seated Row Closegrip,75,10,,,,,Back,Delt 1B,
2020-01-25,Seated Row Closegrip,75,10,,,,,Back,Delt 1B,
2020-01-24,Machine Bench Press,45,8,,,,,Chest,Delt 1A,
2020-01-24,Machine Bench Press,90,8,,,,,Chest,Delt 1A,
2020-01-24,Machine Bench Press,90,8,,,,,Chest,Delt 1A,
2020-01-24,Machine Bench Press,90,8,,,,,Chest,Delt 1A,
2020-01-24,Incline Machine Press,70,6,,,,,Chest,Delt 1A,
2020-01-24,Incline Machine Press,90,8,2/3 RIR,,,,Chest,Delt 1A,
2020-01-24,Incline Machine Press,90,8,1/2 RIR,,,,Chest,Delt 1A,
2020-01-24,Rear Delt Machine,15,5,,,,,Shoulders,Delt 1A,
2020-01-24,Rear Delt Machine,30,10,,,,,Shoulders,Delt 1A,
2020-01-24,Rear Delt Machine,30,10,,,,,Shoulders,Delt 1A,
2020-01-24,Rear Delt Machine,30,10,Amazing connection,,,,Shoulders,Delt 1A,
2020-01-24,Machine Shoulder Press,40,5,,,,,Shoulders,Delt 1A,
2020-01-24,Machine Shoulder Press,50,10,3 RIR,,,,Shoulders,Delt 1A,
2020-01-24,Machine Shoulder Press,50,9,,,,,Shoulders,Delt 1A,
2020-01-24,Machine Shoulder Press,50,8,,,,,Shoulders,Delt 1A,
2020-01-24,Single Cable Tricep Pushdown,10,6,,,,,Triceps,Delt 1A,
2020-01-24,Single Cable Tricep Pushdown,13,10,,,,,Triceps,Delt 1A,
2020-01-24,Single Cable Tricep Pushdown,13,9,,,,,Triceps,Delt 1A,
2020-01-24,Single Cable Tricep Pushdown,13,8,Slow eccentric very hard,,,,Triceps,Delt 1A,
2020-01-24,Machine Lateral Raise,20,5,,,,,Shoulders,Delt 1A,
2020-01-24,Machine Lateral Raise,30,12,,,,,Shoulders,Delt 1A,
2020-01-24,Machine Lateral Raise,30,10,,,,,Shoulders,Delt 1A,
2020-01-24,Machine Lateral Raise,30,9,,,,,Shoulders,Delt 1A,
2020-01-24,Cable Kickbacks,10,3,,,,,Triceps,Delt 1A,
2020-01-24,Cable Kickbacks,10,13,,,,,Triceps,Delt 1A,
2020-01-24,Cable Kickbacks,10,9,Big dropoff after 1 working,,,,Triceps,Delt 1A,
2020-01-23,Hack Squat,90,5,,,,,Legs,Delt1C,
2020-01-23,Hack Squat,160,10,,,,,Legs,Delt1C,
2020-01-23,Hack Squat,160,7,,,,,Legs,Delt1C,
2020-01-23,Hack Squat,160,7,Challenging - 1 RIR,,,,Legs,Delt1C,
2020-01-23,Leg Extensions,90,5,,,,,Legs,Delt1C,
2020-01-23,Leg Extensions,90,10,,,,,Legs,Delt1C,
2020-01-23,Leg Extensions,90,10,Did after hacks with knee sleeves on - way more challenging,,,,Legs,Delt1C,
2020-01-23,Seated Leg Curl,105,5,,,,,Legs,Delt1C,
2020-01-23,Seated Leg Curl,120,10,,,,,Legs,Delt1C,
2020-01-23,Seated Leg Curl,120,8,,,,,Legs,Delt1C,
2020-01-23,Seated Leg Curl,120,8,,,,,Legs,Delt1C,
2020-01-23,Seated Calf Raises,,,,,,,Legs,Delt1C,
2020-01-23,Seated Calf Raises,45,10,,,,,Legs,Delt1C,
2020-01-23,Seated Calf Raises,90,8,,,,,Legs,Delt1C,
2020-01-23,Seated Calf Raises,90,8,Too heavy,,,,Legs,Delt1C,
2020-01-23,Standing Calf Raise,,,,,,,Legs,Delt1C,
2020-01-23,Standing Calf Raise,75,12,,,,,Legs,Delt1C,
2020-01-23,Standing Calf Raise,75,10,,,,,Legs,Delt1C,
2020-01-23,Standing Calf Raise,75,10,,,,,Legs,Delt1C,
2020-01-22,Assisted Pull Up,-50,2,,,,,Back,Delt 1B,
2020-01-22,Assisted Pull Up,-50,10,,,,,Back,Delt 1B,
2020-01-22,Assisted Pull Up,-50,8,,,,,Back,Delt 1B,
2020-01-22,Rear Delt Machine,30,5,,,,,Shoulders,Delt 1B,
2020-01-22,Rear Delt Machine,30,10,,,,,Shoulders,Delt 1B,
2020-01-22,Rear Delt Machine,30,10,Slow - getting that connection,,,,Shoulders,Delt 1B,
2020-01-22,Preacher Curls,25,5,,,,,Biceps,Delt 1B,
2020-01-22,Preacher Curls,45,8,,,,,Biceps,Delt 1B,
2020-01-22,Preacher Curls,45,8,,,,,Biceps,Delt 1B,
2020-01-22,Preacher Curls,45,8,,,,,Biceps,Delt 1B,
2020-01-22,Preacher Curls,35,8,,,,,Biceps,Delt 1B,
2020-01-22,Machine Shoulder Press,40,5,,,,,Shoulders,Delt 1B,
2020-01-22,Machine Shoulder Press,50,12,,,,,Shoulders,Delt 1B,
2020-01-22,Machine Shoulder Press,50,9,,,,,Shoulders,Delt 1B,
2020-01-22,Machine Lateral Raise,20,5,,,,,Shoulders,Delt 1B,
2020-01-22,Machine Lateral Raise,30,12,,,,,Shoulders,Delt 1B,
2020-01-22,Machine Lateral Raise,30,10,,,,,Shoulders,Delt 1B,
2020-01-22,Seated Row Closegrip,60,5,,,,,Back,Delt 1B,
2020-01-22,Seated Row Closegrip,75,12,,,,,Back,Delt 1B,
2020-01-22,Seated Row Closegrip,75,9,,,,,Back,Delt 1B,
2020-01-22,Seated Row Closegrip,75,9,Slow control challenging,,,,Back,Delt 1B,
2020-01-21,Machine Bench Press,45,5,,,,,Chest,Delt 1A,
2020-01-21,Machine Bench Press,90,8,,,,,Chest,Delt 1A,
2020-01-21,Machine Bench Press,90,8,,,,,Chest,Delt 1A,
2020-01-21,Machine Bench Press,90,8,Pretty challenging - couple left,,,,Chest,Delt 1A,
2020-01-21,Incline Machine Press,50,5,,,,,Chest,Delt 1A,
2020-01-21,Incline Machine Press,90,10,,,,,Chest,Delt 1A,
2020-01-21,Incline Machine Press,90,9,,,,,Chest,Delt 1A,
2020-01-21,Incline Machine Press,90,8,,,,,Chest,Delt 1A,
2020-01-21,Rear Delt Machine,30,5,,,,,Shoulders,Delt 1A,
2020-01-21,Rear Delt Machine,45,10,,,,,Shoulders,Delt 1A,
2020-01-21,Rear Delt Machine,30,10,Switched to single arn,,,,Shoulders,Delt 1A,
2020-01-21,Rear Delt Machine,30,10,Noticing how critical it is to get that connection,,,,Shoulders,Delt 1A,
2020-01-21,Machine Shoulder Press,40,5,,,,,Shoulders,Delt 1A,
2020-01-21,Machine Shoulder Press,50,15,,,,,Shoulders,Delt 1A,
2020-01-21,Machine Shoulder Press,50,15,,,,,Shoulders,Delt 1A,
2020-01-21,Machine Shoulder Press,50,10,Big dropoff,,,,Shoulders,Delt 1A,
2020-01-21,Single Cable Tricep Pushdown,,,,,,,Triceps,Delt 1A,
2020-01-21,Single Cable Tricep Pushdown,15,14,,,,,Triceps,Delt 1A,
2020-01-21,Single Cable Tricep Pushdown,15,12,,,,,Triceps,Delt 1A,
2020-01-21,Single Cable Tricep Pushdown,15,10,,,,,Triceps,Delt 1A,
2020-01-21,Machine Lateral Raise,20,8,,,,,Shoulders,Delt 1A,
2020-01-21,Machine Lateral Raise,30,14,,,,,Shoulders,Delt 1A,
2020-01-21,Machine Lateral Raise,30,12,,,,,Shoulders,Delt 1A,
2020-01-21,Machine Lateral Raise,30,10,Slow and full range - felt amazing - time to grow!,,,,Shoulders,Delt 1A,
2020-01-21,Cable Kickbacks,10,5,,,,,Triceps,Delt 1A,
2020-01-21,Cable Kickbacks,10,10,,,,,Triceps,Delt 1A,
2020-01-21,Cable Kickbacks,10,10,,,,,Triceps,Delt 1A,
2020-01-17,Machine Bench Press,90,10,,,,,Chest,Full deload,
2020-01-17,Machine Bench Press,90,10,1/2 RIR,,,,Chest,Full deload,
2020-01-17,Incline Machine Press,90,10,,,,,Chest,Full deload,
2020-01-17,Incline Machine Press,90,10,2/3 RIR,,,,Chest,Full deload,
2020-01-17,Assisted Pull Up,-50,9,,,,,Back,Full deload,
2020-01-17,Assisted Pull Up,-50,7,,,,,Back,Full deload,
2020-01-17,Seated Row Closegrip,75,11,,,,,Back,Full deload,
2020-01-17,Seated Row Closegrip,75,9,,,,,Back,Full deload,
2020-01-17,Hack Squat,160,7,,,,,Legs,Full deload,
2020-01-17,Hack Squat,160,7,,,,,Legs,Full deload,
2020-01-17,Seated Leg Curl,120,13,,,,,Legs,Full deload,
2020-01-17,Seated Leg Curl,120,12,,,,,Legs,Full deload,
2020-01-17,Seated Calf Raises,65,10,Weight felt right - toes hanging off front edge,,,,Legs,Full deload,
2020-01-17,Standing Calf Raise,90,16,,,,,Legs,Full deload,
2020-01-17,Standing Calf Raise,90,10,Big dropoff,,,,Legs,Full deload,
2020-01-15,Machine Bench Press,90,10,,,,,Chest,Full deload,
2020-01-15,Machine Bench Press,90,10,,,,,Chest,Full deload,
2020-01-15,Incline Machine Press,90,10,,,,,Chest,Full deload,
2020-01-15,Incline Machine Press,90,10,,,,,Chest,Full deload,
2020-01-15,Assisted Pull Up,-50,9,,,,,Back,Full deload,
2020-01-15,Assisted Pull Up,-50,7,,,,,Back,Full deload,
2020-01-15,Seated Row Closegrip,75,11,,,,,Back,Full deload,
2020-01-15,Seated Row Closegrip,75,9,,,,,Back,Full deload,
2020-01-15,Hack Squat,160,8,,,,,Legs,Full deload,
2020-01-15,Hack Squat,160,7,,,,,Legs,Full deload,
2020-01-15,Seated Leg Curl,120,14,,,,,Legs,Full deload,
2020-01-15,Seated Leg Curl,120,12,,,,,Legs,Full deload,
2020-01-15,Seated Calf Raises,45,12,,,,,Legs,Full deload,
2020-01-15,Standing Calf Raise,90,16,,,,,Legs,Full deload,
2020-01-15,Standing Calf Raise,90,13,,,,,Legs,Full deload,
2020-01-09,Hack Squat,140,12,,,,,Legs,DeltCD,
2020-01-09,Hack Squat,140,9,,,,,Legs,DeltCD,
2020-01-09,Leg Extensions,120,15,,,,,Legs,DeltCD,
2020-01-09,Leg Extensions,120,12,,,,,Legs,DeltCD,
2020-01-09,Romanian Deadlift,60,6,,,,,Legs,DeltCD,
2020-01-09,Romanian Deadlift,,,,,,,Legs,DeltCD,
2020-01-09,Seated Calf Raises,90,10,,,,,Legs,DeltCD,
2020-01-09,Seated Calf Raises,90,10,,,,,Legs,DeltCD,
2020-01-09,Standing Calf Raise,90,10,,,,,Legs,DeltCD,
2020-01-09,Standing Calf Raise,75,10,,,,,Legs,DeltCD,
2020-01-09,Seated Leg Curl,105,15,,,,,Legs,DeltCD,
2019-11-15,Squat,95,5,,,,,Legs,Legs 1,174
2019-11-15,Squat,135,5,,,,,Legs,Legs 1,174
2019-11-15,Squat,,,,,,,Legs,Legs 1,174
2019-11-15,Squat,,,,,,,Legs,Legs 1,174
2019-11-15,Leg Extensions,,,,,,,Legs,Legs 1,174
2019-11-15,Leg Extensions,,,,,,,Legs,Legs 1,174
2019-11-15,Leg Extensions,,,,,,,Legs,Legs 1,174
2019-11-15,Leg Extensions,,,,,,,Legs,Legs 1,174
2019-11-15,Calf Raises,,,,,,,Legs,Legs 1,174
2019-11-15,Calf Raises,,,,,,,Legs,Legs 1,174
2019-11-15,Calf Raises,,,,,,,Legs,Legs 1,174
2019-11-15,Leg Curls,,,,,,,Legs,Legs 1,174
2019-11-15,Leg Curls,,,,,,,Legs,Legs 1,174
2019-11-15,Leg Curls,,,,,,,Legs,Legs 1,174
2019-11-15,Leg Curls,,,,,,,Legs,Legs 1,174
2019-11-13,Machine Bench Press,68,8,,,,,Chest,Push 1,174
2019-11-13,Machine Bench Press,88,15,,,,,Chest,Push 1,174
2019-11-13,Machine Bench Press,88,17,,,,,Chest,Push 1,174
2019-11-13,Machine Bench Press,88,15,,,,,Chest,Push 1,174
2019-11-13,Machine Shoulder Press,40,5,,,,,Shoulders,Push 1,174
2019-11-13,Machine Shoulder Press,50,16,,,,,Shoulders,Push 1,174
2019-11-13,Machine Shoulder Press,50,17,,,,,Shoulders,Push 1,174
2019-11-13,Machine Shoulder Press,50,12,,,,,Shoulders,Push 1,174
2019-11-13,Incline Dumbbell Press,25,3,,,,,Chest,Push 1,174
2019-11-13,Incline Dumbbell Press,30,10,,,,,Chest,Push 1,174
2019-11-13,Incline Dumbbell Press,30,10,,,,,Chest,Push 1,174
2019-11-13,Incline Dumbbell Press,30,8,,,,,Chest,Push 1,174
2019-11-13,Triceps Extensions,60,5,,,,,Triceps,Push 1,174
2019-11-13,Triceps Extensions,80,20,,,,,Triceps,Push 1,174
2019-11-13,Triceps Extensions,90,12,,,,,Triceps,Push 1,174
2019-11-13,Triceps Extensions,80,10,,,,,Triceps,Push 1,174
2019-11-13,Dumbbell Lateral Raises,20,8,,,,,Shoulders,Push 1,174
2019-11-13,Dumbbell Lateral Raises,15,8,,,,,Shoulders,Push 1,174
2019-11-13,Dumbbell Lateral Raises,10,12,,,,,Shoulders,Push 1,174
2019-11-13,Dumbbell Lateral Raises,10,10,,,,,Shoulders,Push 1,174
2019-11-13,Single Arm Overhead Tricep Extension,10,5,,,,,Triceps,Push 1,174
2019-11-13,Single Arm Overhead Tricep Extension,15,10,,,,,Triceps,Push 1,174
2019-11-13,Single Arm Overhead Tricep Extension,15,7,,,,,Triceps,Push 1,174
2019-11-13,Single Arm Overhead Tricep Extension,15,6,,,,,Triceps,Push 1,174
2019-11-13,T-bar Row,25,5,,,,,Back,Pull 1,177
2019-11-13,T-bar Row,50,18,,,,,Back,Pull 1,177
2019-11-13,T-bar Row,50,16,,,,,Back,Pull 1,177
2019-11-13,T-bar Row,50,14,,,,,Back,Pull 1,177
2019-11-13,Assisted Chin Up,-50,2,,,,,Back,Pull 1,177
2019-11-13,Assisted Chin Up,-40,8,,,,,Back,Pull 1,177
2019-11-13,Assisted Chin Up,-40,7,,,,,Back,Pull 1,177
2019-11-13,Assisted Chin Up,-50,6,,,,,Back,Pull 1,177
2019-11-13,Seated Row Closegrip,85,5,,,,,Back,Pull 1,177
2019-11-13,Seated Row Closegrip,100,15,,,,,Back,Pull 1,177
2019-11-13,Seated Row Closegrip,100,15,,,,,Back,Pull 1,177
2019-11-13,Seated Row Closegrip,100,15,,,,,Back,Pull 1,177
2019-11-13,Face Pull,40,5,,,,,Back,Pull 1,177
2019-11-13,Face Pull,50,15,,,,,Back,Pull 1,177
2019-11-13,Face Pull,50,15,,,,,Back,Pull 1,177
2019-11-13,Hammer Curl,25,12,,,,,Biceps,Pull 1,177
2019-11-13,Hammer Curl,25,7,,,,,Biceps,Pull 1,177
2019-11-13,Hammer Curl,20,12,,,,,Biceps,Pull 1,177
2019-11-13,Single Arm Dumbbell Preacher Curl,15,10,,,,,Biceps,Pull 1,177
2019-11-13,Single Arm Dumbbell Preacher Curl,15,10,,,,,Biceps,Pull 1,177
2019-11-13,Single Arm Dumbbell Preacher Curl,15,10,,,,,Biceps,Pull 1,177
2019-11-11,Squat,95,5,,,,,Legs,Legs 1,
2019-11-11,Squat,135,8,,,,,Legs,Legs 1,
2019-11-11,Squat,135,8,,,,,Legs,Legs 1,
2019-11-11,Squat,135,8,,,,,Legs,Legs 1,
2019-11-11,Leg Extensions,60,5,,,,,Legs,Legs 1,
2019-11-11,Leg Extensions,70,19,,,,,Legs,Legs 1,
2019-11-11,Leg Extensions,70,17,,,,,Legs,Legs 1,
2019-11-11,Leg Extensions,70,12,,,,,Legs,Legs 1,
2019-11-11,Calf Raises,155,19,,,,,Legs,Legs 1,
2019-11-11,Calf Raises,155,16,,,,,Legs,Legs 1,
2019-11-11,Calf Raises,155,12,,,,,Legs,Legs 1,
2019-11-11,Leg Curls,60,18,,,,,Legs,Legs 1,
2019-11-11,Leg Curls,60,17,,,,,Legs,Legs 1,
2019-11-11,Leg Curls,60,12,,,,,Legs,Legs 1,
2019-11-10,Machine Bench Press,68,5,,,,,Chest,Push 1,174
2019-11-10,Machine Bench Press,88,16,,,,,Chest,Push 1,174
2019-11-10,Machine Bench Press,88,10,,,,,Chest,Push 1,174
2019-11-10,Machine Bench Press,68,10,,,,,Chest,Push 1,174
2019-11-10,Machine Shoulder Press,40,5,,,,,Shoulders,Push 1,174
2019-11-10,Machine Shoulder Press,50,18,,,,,Shoulders,Push 1,174
2019-11-10,Machine Shoulder Press,50,16,,,,,Shoulders,Push 1,174
2019-11-10,Machine Shoulder Press,50,12,,,,,Shoulders,Push 1,174
2019-11-10,Incline Dumbbell Press,25,3,,,,,Chest,Push 1,174
2019-11-10,Incline Dumbbell Press,25,12,,,,,Chest,Push 1,174
2019-11-10,Incline Dumbbell Press,25,10,,,,,Chest,Push 1,174
2019-11-10,Incline Dumbbell Press,25,9,,,,,Chest,Push 1,174
2019-11-10,Triceps Extensions,60,10,,,,,Triceps,Push 1,174
2019-11-10,Triceps Extensions,80,16,,,,,Triceps,Push 1,174
2019-11-10,Triceps Extensions,80,12,,,,,Triceps,Push 1,174
2019-11-10,Triceps Extensions,80,10,,,,,Triceps,Push 1,174
2019-11-10,Dumbbell Lateral Raises,20,7,,,,,Shoulders,Push 1,174
2019-11-10,Dumbbell Lateral Raises,15,10,,,,,Shoulders,Push 1,174
2019-11-10,Dumbbell Lateral Raises,15,8,,,,,Shoulders,Push 1,174
2019-11-10,Dumbbell Lateral Raises,10,8,,,,,Shoulders,Push 1,174
2019-11-10,Single Arm Overhead Tricep Extension,10,50,,,,,Triceps,Push 1,174
2019-11-10,Single Arm Overhead Tricep Extension,15,11,,,,,Triceps,Push 1,174
2019-11-10,Single Arm Overhead Tricep Extension,15,9,,,,,Triceps,Push 1,174
2019-11-10,Single Arm Overhead Tricep Extension,15,6,,,,,Triceps,Push 1,174
2019-11-09,T-bar Row,25,5,,,,,Back,Pull 1,173
2019-11-09,T-bar Row,50,18,,,,,Back,Pull 1,173
2019-11-09,T-bar Row,50,15,,,,,Back,Pull 1,173
2019-11-09,T-bar Row,50,15,,,,,Back,Pull 1,173
2019-11-09,Assisted Chin Up,-50,3,,,,,Back,Pull 1,173
2019-11-09,Assisted Chin Up,-40,8,,,,,Back,Pull 1,173
2019-11-09,Assisted Chin Up,-40,8,,,,,Back,Pull 1,173
2019-11-09,Assisted Chin Up,-50,8,,,,,Back,Pull 1,173
2019-11-09,Seated Row Closegrip,85,5,,,,,Back,Pull 1,173
2019-11-09,Seated Row Closegrip,100,10,,,,,Back,Pull 1,173
2019-11-09,Seated Row Closegrip,100,10,,,,,Back,Pull 1,173
2019-11-09,Seated Row Closegrip,100,10,,,,,Back,Pull 1,173
2019-11-09,Face Pull,40,5,,,,,Back,Pull 1,173
2019-11-09,Face Pull,50,15,,,,,Back,Pull 1,173
2019-11-09,Face Pull,50,15,,,,,Back,Pull 1,173
2019-11-09,Hammer Curl,30,10,,,,,Biceps,Pull 1,173
2019-11-09,Hammer Curl,30,8,,,,,Biceps,Pull 1,173
2019-11-09,Hammer Curl,25,13,,,,,Biceps,Pull 1,173
2019-11-09,Single Arm Dumbbell Preacher Curl,15,20,,,,,Biceps,Pull 1,173
2019-11-09,Single Arm Dumbbell Preacher Curl,15,15,,,,,Biceps,Pull 1,173
2019-11-09,Single Arm Dumbbell Preacher Curl,15,15,,,,,Biceps,Pull 1,173
2019-11-08,Squat,95,5,,,,,Legs,Legs 1,174
2019-11-08,Squat,135,10,,,,,Legs,Legs 1,174
2019-11-08,Squat,135,8,,,,,Legs,Legs 1,174
2019-11-08,Squat,135,6,,,,,Legs,Legs 1,174
2019-11-08,Leg Extensions,70,10,,,,,Legs,Legs 1,174
2019-11-08,Leg Extensions,85,15,,,,,Legs,Legs 1,174
2019-11-08,Leg Extensions,85,12,,,,,Legs,Legs 1,174
2019-11-08,Leg Extensions,85,10,,,,,Legs,Legs 1,174
2019-11-08,Calf Raises,135,25,,,,,Legs,Legs 1,174
2019-11-08,Calf Raises,135,20,,,,,Legs,Legs 1,174
2019-11-08,Calf Raises,135,15,,,,,Legs,Legs 1,174
2019-11-08,Calf Raises,135,13,,,,,Legs,Legs 1,174
2019-11-08,Leg Curls,60,5,,,,,Legs,Legs 1,174
2019-11-08,Leg Curls,70,,,,,,Legs,Legs 1,174
2019-11-08,Leg Curls,70,,,,,,Legs,Legs 1,174
2019-11-08,Leg Curls,70,,,,,,Legs,Legs 1,174
2019-11-06,Machine Bench Press,68,5,,,,,Chest,Push 1,173
2019-11-06,Machine Bench Press,88,11,,,,,Chest,Push 1,173
2019-11-06,Machine Bench Press,88,13,,,,,Chest,Push 1,173
2019-11-06,Machine Bench Press,88,20,,,,,Chest,Push 1,173
2019-11-06,Machine Shoulder Press,40,10,,,,,Shoulders,Push 1,173
2019-11-06,Machine Shoulder Press,50,20,,,,,Shoulders,Push 1,173
2019-11-06,Machine Shoulder Press,50,20,,,,,Shoulders,Push 1,173
2019-11-06,Machine Shoulder Press,50,20,,,,,Shoulders,Push 1,173
2019-11-06,Incline Dumbbell Press,25,10,,,,,Chest,Push 1,173
2019-11-06,Incline Dumbbell Press,25,10,,,,,Chest,Push 1,173
2019-11-06,Incline Dumbbell Press,25,10,,,,,Chest,Push 1,173
2019-11-06,Triceps Extensions,60,10,,,,,Triceps,Push 1,173
2019-11-06,Triceps Extensions,80,18,,,,,Triceps,Push 1,173
2019-11-06,Triceps Extensions,80,20,,,,,Triceps,Push 1,173
2019-11-06,Triceps Extensions,80,13,,,,,Triceps,Push 1,173
2019-11-06,Dumbbell Lateral Raises,20,7,,,,,Shoulders,Push 1,173
2019-11-06,Dumbbell Lateral Raises,15,11,,,,,Shoulders,Push 1,173
2019-11-06,Dumbbell Lateral Raises,15,10,,,,,Shoulders,Push 1,173
2019-11-06,Dumbbell Lateral Raises,10,15,,,,,Shoulders,Push 1,173
2019-11-06,Single Arm Overhead Tricep Extension,10,5,,,,,Triceps,Push 1,173
2019-11-06,Single Arm Overhead Tricep Extension,15,12,,,,,Triceps,Push 1,173
2019-11-06,Single Arm Overhead Tricep Extension,15,8,,,,,Triceps,Push 1,173
2019-11-06,Single Arm Overhead Tricep Extension,15,7,,,,,Triceps,Push 1,173
2019-11-05,T-bar Row,50,5,,,,,Back,Pull 1,178
2019-11-05,T-bar Row,75,7,,,,,Back,Pull 1,178
2019-11-05,T-bar Row,50,15,,,,,Back,Pull 1,178
2019-11-05,T-bar Row,50,15,,,,,Back,Pull 1,178
2019-11-05,Assisted Chin Up,-50,3,,,,,Back,Pull 1,178
2019-11-05,Assisted Chin Up,-40,8,,,,,Back,Pull 1,178
2019-11-05,Assisted Chin Up,-50,9,,,,,Back,Pull 1,178
2019-11-05,Assisted Chin Up,-50,5,,,,,Back,Pull 1,178
2019-11-05,Seated Row Closegrip,85,5,,,,,Back,Pull 1,178
2019-11-05,Seated Row Closegrip,100,15,,,,,Back,Pull 1,178
2019-11-05,Seated Row Closegrip,100,15,,,,,Back,Pull 1,178
2019-11-05,Seated Row Closegrip,100,14,,,,,Back,Pull 1,178
2019-11-05,Face Pull,20,5,,,,,Back,Pull 1,178
2019-11-05,Face Pull,30,13,,,,,Back,Pull 1,178
2019-11-05,Face Pull,30,12,,,,,Back,Pull 1,178
2019-11-05,Hammer Curl,25,15,,,,,Biceps,Pull 1,178
2019-11-05,Hammer Curl,25,10,,,,,Biceps,Pull 1,178
2019-11-05,Hammer Curl,25,7,,,,,Biceps,Pull 1,178
2019-11-05,Single Arm Dumbbell Preacher Curl,15,,,,,,Biceps,Pull 1,178
2019-11-05,Single Arm Dumbbell Preacher Curl,15,13,,,,,Biceps,Pull 1,178
2019-11-05,Single Arm Dumbbell Preacher Curl,15,12,,,,,Biceps,Pull 1,178
2019-11-03,Machine Bench Press,108,5,,,,,Chest,Push D,174
2019-11-03,Machine Bench Press,128,5,,,,,Chest,Push D,174
2019-11-03,Machine Bench Press,108,5,,,,,Chest,Push D,174
2019-11-03,Shoulder Dumbbell Press,20,8,,,,,Shoulders,Push D,174
2019-11-03,Shoulder Dumbbell Press,25,15,,,,,Shoulders,Push D,174
2019-11-03,Shoulder Dumbbell Press,25,15,,,,,Shoulders,Push D,174
2019-11-03,Incline Dumbbell Press,25,5,,,,,Chest,Push D,174
2019-11-03,Incline Dumbbell Press,30,15,,,,,Chest,Push D,174
2019-11-03,Incline Dumbbell Press,30,15,,,,,Chest,Push D,174
2019-11-03,Triceps Extensions,30,10,,,,,Triceps,Push D,174
2019-11-03,Triceps Extensions,40,20,,,,,Triceps,Push D,174
2019-11-03,Triceps Extensions,40,20,,,,,Triceps,Push D,174
2019-11-03,Dumbbell Lateral Raises,20,5,,,,,Shoulders,Push D,174
2019-11-03,Dumbbell Lateral Raises,15,8,,,,,Shoulders,Push D,174
2019-11-03,Dumbbell Lateral Raises,15,8,,,,,Shoulders,Push D,174
2019-11-03,Dumbbell Lateral Raises,10,15,,,,,Shoulders,Push D,174
2019-11-03,Single Arm Overhead Tricep Extension,15,10,,,,,Triceps,Push D,174
2019-11-03,Single Arm Overhead Tricep Extension,20,7,,,,,Triceps,Push D,174
2019-11-03,Single Arm Overhead Tricep Extension,15,10,,,,,Triceps,Push D,174
2019-11-02,T-bar Row,50,10,,,,,Back,Pull D,174
2019-11-02,T-bar Row,75,8,,,,,Back,Pull D,174
2019-11-02,T-bar Row,75,8,,,,,Back,Pull D,174
2019-11-02,Assisted Chin Up,-50,5,,,,,Back,Pull D,174
2019-11-02,Assisted Chin Up,-40,8,,,,,Back,Pull D,174
2019-11-02,Assisted Chin Up,-40,8,,,,,Back,Pull D,174
2019-11-02,Seated Row Closegrip,85,5,,,,,Back,Pull D,174
2019-11-02,Seated Row Closegrip,100,15,,,,,Back,Pull D,174
2019-11-02,Seated Row Closegrip,100,13,,,,,Back,Pull D,174
2019-11-02,Face Pull,20,5,,,,,Back,Pull D,174
2019-11-02,Face Pull,30,10,,,,,Back,Pull D,174
2019-11-02,Face Pull,30,10,,,,,Back,Pull D,174
2019-11-02,Hammer Curl,,,,,,,Biceps,Pull D,174
2019-11-02,Hammer Curl,,,,,,,Biceps,Pull D,174
2019-11-02,Single Arm Dumbbell Preacher Curl,,,,,,,Biceps,Pull D,174
2019-11-02,Single Arm Dumbbell Preacher Curl,,,,,,,Biceps,Pull D,174
2019-11-02,Single Arm Dumbbell Preacher Curl,,,,,,,Biceps,Pull D,174
2019-10-31,Squat,135,3,,,,,Legs,Legs D,174
2019-10-31,Squat,185,4,,,,,Legs,Legs D,174
2019-10-31,Squat,185,4,,,,,Legs,Legs D,174
2019-10-31,Leg Extensions,85,5,,,,,Legs,Legs D,174
2019-10-31,Leg Extensions,100,15,,,,,Legs,Legs D,174
2019-10-31,Leg Extensions,100,14,,,,,Legs,Legs D,174
2019-10-31,Calf Raises,135,25,,,,,Legs,Legs D,174
2019-10-31,Calf Raises,135,25,,,,,Legs,Legs D,174
2019-10-31,Calf Raises,135,20,,,,,Legs,Legs D,174
2019-10-31,Leg Curls,70,5,,,,,Legs,Legs D,174
2019-10-31,Leg Curls,80,10,,,,,Legs,Legs D,174
2019-10-31,Leg Curls,80,10,,,,,Legs,Legs D,174
2019-10-30,Machine Bench Press,68,5,,,,,Chest,Push D,174
2019-10-30,Machine Bench Press,108,10,,,,,Chest,Push D,174
2019-10-30,Machine Bench Press,128,8,,,,,Chest,Push D,174
2019-10-30,Machine Bench Press,128,5,,,,,Chest,Push D,174
2019-10-30,Machine Shoulder Press,60,15,,,,,Shoulders,Push D,174
2019-10-30,Machine Shoulder Press,70,10,,,,,Shoulders,Push D,174
2019-10-30,Machine Shoulder Press,70,11,,,,,Shoulders,Push D,174
2019-10-30,Incline Machine Press,58,5,,,,,Chest,Push D,174
2019-10-30,Incline Machine Press,78,10,,,,,Chest,Push D,174
2019-10-30,Incline Machine Press,78,10,,,,,Chest,Push D,174
2019-10-30,Triceps Extensions,40,5,,,,,Triceps,Push D,174
2019-10-30,Triceps Extensions,50,10,,,,,Triceps,Push D,174
2019-10-30,Triceps Extensions,50,12,Slight dropset to 40 after 10 reps - simulated 2 at 50,,,,Triceps,Push D,174
2019-10-30,Dumbbell Lateral Raises,25,3,,,,,Shoulders,Push D,174
2019-10-30,Dumbbell Lateral Raises,20,6,,,,,Shoulders,Push D,174
2019-10-30,Dumbbell Lateral Raises,15,8,,,,,Shoulders,Push D,174
2019-10-30,Dumbbell Lateral Raises,10,11,,,,,Shoulders,Push D,174
2019-10-30,Single Arm Overhead Tricep Extension,15,5,,,,,Triceps,Push D,174
2019-10-30,Single Arm Overhead Tricep Extension,13.75,9,,,,,Triceps,Push D,174
2019-10-30,Single Arm Overhead Tricep Extension,13.75,7,,,,,Triceps,Push D,174
2019-10-29,T-bar Row,50,5,,,,,Back,Pull D,175
2019-10-29,T-bar Row,75,8,,,,,Back,Pull D,175
2019-10-29,T-bar Row,75,8,,,,,Back,Pull D,175
2019-10-29,Assisted Chin Up,-50,2,,,,,Back,Pull D,175
2019-10-29,Assisted Chin Up,-40,8,,,,,Back,Pull D,175
2019-10-29,Assisted Chin Up,-40,8,,,,,Back,Pull D,175
2019-10-29,Seated Row Closegrip,85,5,,,,,Back,Pull D,175
2019-10-29,Seated Row Closegrip,100,16,,,,,Back,Pull D,175
2019-10-29,Seated Row Closegrip,100,16,,,,,Back,Pull D,175
2019-10-29,Face Pull,20,5,,,,,Back,Pull D,175
2019-10-29,Face Pull,30,10,,,,,Back,Pull D,175
2019-10-29,Face Pull,30,10,,,,,Back,Pull D,175
2019-10-29,Hammer Curl,30,10,,,,,Biceps,Pull D,175
2019-10-29,Hammer Curl,30,10,,,,,Biceps,Pull D,175
2019-10-29,Single Arm Dumbbell Preacher Curl,15,5,,,,,Biceps,Pull D,175
2019-10-29,Single Arm Dumbbell Preacher Curl,15,10,,,,,Biceps,Pull D,175
2019-10-29,Single Arm Dumbbell Preacher Curl,15,10,,,,,Biceps,Pull D,175
2019-10-27,Squat,0,8,,,,,Legs,Legs 3,173
2019-10-27,Squat,95,8,,,,,Legs,Legs 3,173
2019-10-27,Squat,135,8,,,,,Legs,Legs 3,173
2019-10-27,Squat,135,8,,,,,Legs,Legs 3,173
2019-10-27,Squat,135,8,,,,,Legs,Legs 3,173
2019-10-27,Squat,,,,,,,Legs,Legs 3,173
2019-10-27,Squat,,,,,,,Legs,Legs 3,173
2019-10-27,Leg Extensions,,,,,,,Legs,Legs 3,173
2019-10-27,Leg Extensions,,,,,,,Legs,Legs 3,173
2019-10-27,Leg Extensions,,,,,,,Legs,Legs 3,173
2019-10-27,Leg Extensions,,,,,,,Legs,Legs 3,173
2019-10-27,Calf Raises,,,,,,,Legs,Legs 3,173
2019-10-27,Calf Raises,,,,,,,Legs,Legs 3,173
2019-10-27,Calf Raises,,,,,,,Legs,Legs 3,173
2019-10-27,Calf Raises,,,,,,,Legs,Legs 3,173
2019-10-27,Calf Raises,,,,,,,Legs,Legs 3,173
2019-10-27,Leg Curls,,,,,,,Legs,Legs 3,173
2019-10-27,Leg Curls,,,,,,,Legs,Legs 3,173
2019-10-27,Leg Curls,,,,,,,Legs,Legs 3,173
2019-10-27,Leg Curls,,,,,,,Legs,Legs 3,173
2019-10-27,Leg Curls,,,,,,,Legs,Legs 3,173
2019-10-24,Isolateral Row,12,5,,,,,Back,Pull 3,176
2019-10-24,Isolateral Row,62,8,,,,,Back,Pull 3,176
2019-10-24,Isolateral Row,102,15,,,,,Back,Pull 3,176
2019-10-24,Isolateral Row,102,21,,,,,Back,Pull 3,176
2019-10-24,Isolateral Row,102,22,,,,,Back,Pull 3,176
2019-10-24,Isolateral Row,102,20,,,,,Back,Pull 3,176
2019-10-24,Assisted Chin Up,-50,2,,,,,Back,Pull 3,176
2019-10-24,Assisted Chin Up,-50,8,,,,,Back,Pull 3,176
2019-10-24,Assisted Chin Up,-50,10,,,,,Back,Pull 3,176
2019-10-24,Assisted Chin Up,-50,8,,,,,Back,Pull 3,176
2019-10-24,Seated Row Closegrip,70,5,,,,,Back,Pull 3,176
2019-10-24,Seated Row Closegrip,85,15,,,,,Back,Pull 3,176
2019-10-24,Seated Row Closegrip,85,25,,,,,Back,Pull 3,176
2019-10-24,Seated Row Closegrip,85,20,,,,,Back,Pull 3,176
2019-10-24,Seated Row Closegrip,85,18,,,,,Back,Pull 3,176
2019-10-24,Seated Row Closegrip,85,18,,,,,Back,Pull 3,176
2019-10-24,Face Pull,20,20,,,,,Back,Pull 3,176
2019-10-24,Face Pull,20,18,,,,,Back,Pull 3,176
2019-10-24,Face Pull,20,16,,,,,Back,Pull 3,176
2019-10-24,Incline Hammer Curls,25,9,,,,,Biceps,Pull 3,176
2019-10-24,Incline Hammer Curls,25,9,,,,,Biceps,Pull 3,176
2019-10-24,Incline Hammer Curls,25,8,,,,,Biceps,Pull 3,176
2019-10-24,Incline Hammer Curls,20,15,,,,,Biceps,Pull 3,176
2019-10-24,Concentration Curl,15,10,,,,,Biceps,Pull 3,176
2019-10-24,Concentration Curl,15,8,,,,,Biceps,Pull 3,176
2019-10-24,Concentration Curl,12.5,15,,,,,Biceps,Pull 3,176
2019-10-24,Concentration Curl,12.5,15,,,,,Biceps,Pull 3,176
2019-10-23,Squat,0,5,,,,,Legs,Legs 3,176
2019-10-23,Squat,95,5,,,,,Legs,Legs 3,176
2019-10-23,Squat,135,10,,,,,Legs,Legs 3,176
2019-10-23,Squat,135,8,,,,,Legs,Legs 3,176
2019-10-23,Squat,135,8,,,,,Legs,Legs 3,176
2019-10-23,Squat,135,8,,,,,Legs,Legs 3,176
2019-10-23,Squat,135,8,,,,,Legs,Legs 3,176
2019-10-23,Leg Extensions,,,,,,,Legs,Legs 3,176
2019-10-23,Leg Extensions,75,20,,,,,Legs,Legs 3,176
2019-10-23,Leg Extensions,75,15,,,,,Legs,Legs 3,176
2019-10-23,Leg Extensions,75,12,,,,,Legs,Legs 3,176
2019-10-23,Calf Raises,135,25,,,,,Legs,Legs 3,176
2019-10-23,Calf Raises,135,23,,,,,Legs,Legs 3,176
2019-10-23,Calf Raises,135,20,,,,,Legs,Legs 3,176
2019-10-23,Calf Raises,135,17,,,,,Legs,Legs 3,176
2019-10-23,Calf Raises,135,16,,,,,Legs,Legs 3,176
2019-10-23,Leg Curls,,,,,,,Legs,Legs 3,176
2019-10-23,Leg Curls,,,,,,,Legs,Legs 3,176
2019-10-23,Leg Curls,,,,,,,Legs,Legs 3,176
2019-10-23,Leg Curls,,,,,,,Legs,Legs 3,176
2019-10-23,Leg Curls,,,,,,,Legs,Legs 3,176
2019-10-22,Machine Bench Press,18,5,Did 2nd due to availability,,,,Chest,Push 3,178
2019-10-22,Machine Bench Press,68,3,,,,,Chest,Push 3,178
2019-10-22,Machine Bench Press,68,13,,,,,Chest,Push 3,178
2019-10-22,Machine Bench Press,68,12,Slow stable to avoid popping,,,,Chest,Push 3,178
2019-10-22,Machine Bench Press,68,14,,,,,Chest,Push 3,178
2019-10-22,Machine Bench Press,68,13,,,,,Chest,Push 3,178
2019-10-22,Machine Bench Press,68,14,,,,,Chest,Push 3,178
2019-10-22,Machine Shoulder Press,60,3,,,,,Shoulders,Push 3,178
2019-10-22,Machine Shoulder Press,60,15,,,,,Shoulders,Push 3,178
2019-10-22,Machine Shoulder Press,60,15,,,,,Shoulders,Push 3,178
2019-10-22,Machine Shoulder Press,60,14,,,,,Shoulders,Push 3,178
2019-10-22,Machine Shoulder Press,60,12,,,,,Shoulders,Push 3,178
2019-10-22,Machine Shoulder Press,60,9,,,,,Shoulders,Push 3,178
2019-10-22,Incline Machine Press,8,5,,,,,Chest,Push 3,178
2019-10-22,Incline Machine Press,58,15,,,,,Chest,Push 3,178
2019-10-22,Incline Machine Press,58,15,,,,,Chest,Push 3,178
2019-10-22,Incline Machine Press,58,13,,,,,Chest,Push 3,178
2019-10-22,Incline Machine Press,58,11,,,,,Chest,Push 3,178
2019-10-22,Seated Dip,60,8,,,,,Triceps,Push 3,178
2019-10-22,Seated Dip,80,20,,,,,Triceps,Push 3,178
2019-10-22,Seated Dip,90,27,,,,,Triceps,Push 3,178
2019-10-22,Seated Dip,90,21,,,,,Triceps,Push 3,178
2019-10-22,Machine Lateral Raise,30,20,,,,,Shoulders,Push 3,178
2019-10-22,Machine Lateral Raise,30,16,,,,,Shoulders,Push 3,178
2019-10-22,Machine Lateral Raise,30,16,,,,,Shoulders,Push 3,178
2019-10-22,Overhead Tricep Extension,40,16,,,,,Triceps,Push 3,178
2019-10-22,Overhead Tricep Extension,40,11,,,,,Triceps,Push 3,178
2019-10-22,Overhead Tricep Extension,40,9,,,,,Triceps,Push 3,178
2019-10-19,Isolateral Row,12,5,,,,,Back,Pull 3,174
2019-10-19,Isolateral Row,62,5,,,,,Back,Pull 3,174
2019-10-19,Isolateral Row,102,23,,,,,Back,Pull 3,174
2019-10-19,Isolateral Row,152,8,,,,,Back,Pull 3,174
2019-10-19,Isolateral Row,102,15,,,,,Back,Pull 3,174
2019-10-19,Isolateral Row,102,20,,,,,Back,Pull 3,174
2019-10-19,Assisted Chin Up,-50,2,,,,,Back,Pull 3,174
2019-10-19,Assisted Chin Up,-50,10,Slow eccentric + stretch,,,,Back,Pull 3,174
2019-10-19,Assisted Chin Up,-50,8,,,,,Back,Pull 3,174
2019-10-19,Assisted Chin Up,-50,6,Forearm delimeter,,,,Back,Pull 3,174
2019-10-19,Seated Row Closegrip,70,5,,,,,Back,Pull 3,174
2019-10-19,Seated Row Closegrip,85,15,Slow back tension,,,,Back,Pull 3,174
2019-10-19,Seated Row Closegrip,85,16,,,,,Back,Pull 3,174
2019-10-19,Seated Row Closegrip,85,19,,,,,Back,Pull 3,174
2019-10-19,Seated Row Closegrip,85,15,,,,,Back,Pull 3,174
2019-10-19,Face Pull,20,15,Slow eccentric getting good stretch on rear delts,,,,Back,Pull 3,174
2019-10-19,Face Pull,20,15,,,,,Back,Pull 3,174
2019-10-19,Face Pull,20,13,Challenging with tension,,,,Back,Pull 3,174
2019-10-19,Incline Hammer Curls,25,13,,,,,Biceps,Pull 3,174
2019-10-19,Incline Hammer Curls,25,10,Slow eccentric,,,,Biceps,Pull 3,174
2019-10-19,Incline Hammer Curls,20,15,,,,,Biceps,Pull 3,174
2019-10-19,Incline Hammer Curls,20,15,,,,,Biceps,Pull 3,174
2019-10-19,Concentration Curl,15,10,,,,,Biceps,Pull 3,174
2019-10-19,Concentration Curl,15,10,,,,,Biceps,Pull 3,174
2019-10-19,Concentration Curl,12.25,10,,,,,Biceps,Pull 3,174
2019-10-19,Concentration Curl,12.25,10,,,,,Biceps,Pull 3,174
